Name,Age,Salary,Gender,Department,Position,Joining Date,Performance Score,Email,Phone Number
 grace ,25,50000,Male,HR,Manager,2018-04-05,D,email@example.com,
 david ,,65000,Female,Finance,Director,2020-02-20,F,user@domain.com,123-456-7890
 hannah ,35,60000,Female,Sales,Director,2020-01-15,C,email@example.com,098-765-4321
 eve ,,50000,Female,IT,Manager,2018-04-05,A,name@company.org, 
 grace ,,  ,Female,Finance,Manager,2020-01-15,F,name@company.org,098-765-4321
 jack ,,65000,Other,Marketing,Director,2019-03-25,F,user@domain.com,
 charlie ,,50000,Male,Marketing,Clerk,2019-12-01,B,,123-456-7890
 grace ,40,50000,Other,HR,Director,2019-03-25,C,, 
 hannah ,40,60000,Female,Marketing,Manager,2020-01-15,C,user@domain.com,123-456-7890
 eve ,30,  ,Other,Finance,Assistant,2020-02-20,A,, 
 david ,25,70000,Male,Marketing,Analyst,2019-12-01,B,,123-456-7890
 hannah ,,70000,Other,Finance,Assistant,2019-03-25,A,,
 hannah ,30,50000,Male,IT,Assistant,2018-04-05,D,, 
 charlie ,25,55000,Other,HR,Manager,2020-02-20,F,,555-555-5555
 frank ,50,  ,Male,Marketing,Director,2019-03-25,A,,123-456-7890
 eve ,35,65000,Male,Finance,Clerk,2018-04-05,F,,123-456-7890
 bob ,40,55000,Female,Sales,Assistant,2020-01-15,B,,098-765-4321
 hannah ,50,55000,Male,HR,Director,2018-04-05,D,user@domain.com, 
 frank ,25,  ,Female,IT,Clerk,2019-03-25,B,email@example.com,555-555-5555
 bob ,50,50000,Female,Finance,Assistant,2019-03-25,D,user@domain.com,
 eve ,35,50000,Female,IT,Clerk,2020-01-15,D,email@example.com,098-765-4321
 alice ,25,50000,Other,IT,Director,2018-04-05,F,user@domain.com,555-555-5555
 jack ,50,50000,Other,Marketing,Analyst,2018-04-05,B,email@example.com, 
 frank ,40,70000,Other,Marketing,Director,2020-01-15,B,email@example.com,555-555-5555
 ivy ,40,50000,Other,Finance,Manager,2018-04-05,A,name@company.org,123-456-7890
 alice ,30,70000,Male,Sales,Clerk,2020-01-15,B,email@example.com,123-456-7890
 jack ,50,70000,Male,Finance,Analyst,2020-02-20,A,email@example.com,098-765-4321
 charlie ,,50000,Other,Sales,Clerk,2019-03-25,C,name@company.org, 
 grace ,50,60000,Male,IT,Clerk,2020-02-20,C,, 
 david ,25,65000,Male,HR,Assistant,2019-12-01,C,,555-555-5555
 ivy ,25,55000,Female,Finance,Manager,2019-12-01,B,name@company.org,098-765-4321
 charlie ,50,70000,Female,Finance,Clerk,2019-12-01,B,, 
 eve ,35,  ,Female,Sales,Director,2020-01-15,A,email@example.com,123-456-7890
 charlie ,40,  ,Female,IT,Director,2018-04-05,D,email@example.com,555-555-5555
 grace ,25,65000,Male,IT,Assistant,2020-02-20,A,name@company.org,
 eve ,40,  ,Other,Sales,Manager,2020-02-20,C,name@company.org,123-456-7890
 ivy ,25,60000,Male,IT,Manager,2020-02-20,A,,098-765-4321
 grace ,30,  ,Male,Marketing,Director,2020-02-20,D,, 
 bob ,,55000,Male,HR,Analyst,2019-12-01,B,user@domain.com,123-456-7890
 david ,25,55000,Female,Finance,Assistant,2020-02-20,A,,
 ivy ,40,70000,Female,HR,Assistant,2018-04-05,C,email@example.com,
 bob ,30,50000,Female,Finance,Director,2019-12-01,C,name@company.org,098-765-4321
 jack ,25,60000,Other,Marketing,Director,2020-02-20,B,,123-456-7890
 ivy ,35,70000,Male,IT,Analyst,2020-01-15,A,,555-555-5555
 jack ,,60000,Other,Sales,Analyst,2019-03-25,D,,123-456-7890
 eve ,25,50000,Female,Marketing,Manager,2019-03-25,B,,
 bob ,30,  ,Other,HR,Assistant,2019-03-25,A,email@example.com,098-765-4321
 david ,35,  ,Male,Sales,Assistant,2019-12-01,F,user@domain.com,098-765-4321
 grace ,50,50000,Male,IT,Director,2020-02-20,C,,555-555-5555
 hannah ,30,70000,Female,Marketing,Manager,2019-12-01,D,,098-765-4321
 charlie ,30,50000,Female,Sales,Assistant,2018-04-05,D,user@domain.com,098-765-4321
 alice ,35,65000,Other,Marketing,Manager,2020-01-15,D,,098-765-4321
 david ,30,55000,Female,Marketing,Manager,2020-01-15,C,,098-765-4321
 bob ,35,70000,Female,IT,Director,2019-03-25,A,,098-765-4321
 hannah ,25,60000,Male,Finance,Manager,2019-03-25,B,,
 david ,35,65000,Female,Sales,Analyst,2019-03-25,A,user@domain.com,123-456-7890
 bob ,35,70000,Female,IT,Analyst,2020-02-20,B,email@example.com, 
 frank ,,50000,Male,Marketing,Clerk,2018-04-05,D,,098-765-4321
 frank ,35,50000,Male,IT,Director,2018-04-05,A,email@example.com, 
 jack ,35,50000,Other,Finance,Clerk,2018-04-05,D,user@domain.com, 
 david ,50,50000,Female,Sales,Analyst,2018-04-05,F,user@domain.com,
 frank ,25,60000,Male,Finance,Clerk,2019-03-25,D,,098-765-4321
 bob ,,65000,Other,HR,Director,2020-01-15,D,, 
 jack ,50,  ,Other,Sales,Director,2019-03-25,B,name@company.org,098-765-4321
 bob ,40,55000,Female,Finance,Manager,2018-04-05,F,user@domain.com,555-555-5555
 jack ,25,60000,Female,Marketing,Assistant,2019-03-25,D,,555-555-5555
 david ,25,60000,Other,Sales,Manager,2018-04-05,D,email@example.com,555-555-5555
 hannah ,40,  ,Male,Sales,Director,2019-12-01,F,, 
 grace ,35,  ,Other,IT,Analyst,2020-01-15,F,email@example.com,555-555-5555
 ivy ,50,55000,Female,Marketing,Analyst,2019-12-01,A,user@domain.com,
 hannah ,30,55000,Male,HR,Manager,2020-02-20,B,user@domain.com,
 eve ,,  ,Male,Finance,Director,2019-03-25,F,email@example.com, 
 bob ,30,50000,Other,IT,Analyst,2020-02-20,F,user@domain.com,098-765-4321
 eve ,40,60000,Female,Finance,Director,2019-03-25,C,,123-456-7890
 hannah ,25,70000,Other,HR,Analyst,2019-12-01,F,user@domain.com,098-765-4321
 jack ,25,55000,Other,HR,Director,2018-04-05,B,,098-765-4321
 ivy ,,55000,Other,Sales,Clerk,2018-04-05,D,,098-765-4321
 ivy ,25,  ,Male,HR,Director,2019-03-25,D,name@company.org,098-765-4321
 alice ,25,65000,Male,Finance,Director,2018-04-05,D,user@domain.com,123-456-7890
 ivy ,,70000,Female,Marketing,Manager,2019-12-01,D,user@domain.com,555-555-5555
 grace ,50,70000,Female,Marketing,Clerk,2018-04-05,C,,098-765-4321
 ivy ,50,55000,Other,Sales,Assistant,2019-12-01,F,,
 hannah ,,50000,Other,Finance,Manager,2020-02-20,D,email@example.com, 
 alice ,40,65000,Other,Finance,Assistant,2019-12-01,A,email@example.com, 
 hannah ,25,70000,Female,HR,Analyst,2020-01-15,D,email@example.com,
 hannah ,25,55000,Male,Finance,Assistant,2020-01-15,F,,098-765-4321
 charlie ,40,70000,Male,IT,Director,2020-01-15,D,email@example.com,123-456-7890
 alice ,50,65000,Other,HR,Assistant,2019-03-25,C,email@example.com,555-555-5555
 hannah ,35,65000,Other,IT,Manager,2019-03-25,B,name@company.org, 
 charlie ,35,60000,Other,Sales,Manager,2019-03-25,B,email@example.com,555-555-5555
 charlie ,35,  ,Other,Marketing,Assistant,2019-12-01,F,user@domain.com,123-456-7890
 alice ,50,  ,Female,Sales,Manager,2019-03-25,B,, 
 eve ,50,55000,Male,Marketing,Manager,2020-02-20,B,,555-555-5555
 jack ,40,65000,Other,Sales,Assistant,2020-01-15,A,name@company.org,123-456-7890
 grace ,25,60000,Female,Finance,Clerk,2019-12-01,F,,555-555-5555
 jack ,40,60000,Other,IT,Clerk,2020-01-15,F,,098-765-4321
 ivy ,40,70000,Other,Marketing,Analyst,2019-03-25,B,user@domain.com,123-456-7890
 grace ,50,70000,Male,HR,Manager,2019-12-01,B,email@example.com,555-555-5555
 ivy ,35,60000,Other,IT,Assistant,2018-04-05,B,user@domain.com,098-765-4321
 hannah ,30,70000,Male,HR,Manager,2020-02-20,C,email@example.com,098-765-4321
 bob ,25,65000,Male,IT,Director,2019-03-25,D,email@example.com,123-456-7890
 alice ,50,50000,Male,IT,Manager,2019-03-25,C,,
 grace ,35,65000,Female,Sales,Manager,2020-02-20,F,email@example.com, 
 grace ,30,60000,Female,Marketing,Clerk,2020-02-20,A,name@company.org,123-456-7890
 hannah ,30,60000,Male,Marketing,Assistant,2018-04-05,D,name@company.org,098-765-4321
 eve ,50,65000,Other,IT,Manager,2019-03-25,A,name@company.org,098-765-4321
 charlie ,,70000,Male,Finance,Clerk,2019-03-25,F,,123-456-7890
 hannah ,25,70000,Other,Finance,Analyst,2020-01-15,F,user@domain.com,
 frank ,30,  ,Male,HR,Clerk,2019-12-01,A,, 
 charlie ,50,60000,Other,HR,Clerk,2019-12-01,A,email@example.com,555-555-5555
 alice ,50,55000,Female,Sales,Clerk,2020-01-15,A,,123-456-7890
 charlie ,35,  ,Other,IT,Manager,2019-12-01,F,user@domain.com, 
 eve ,,70000,Male,HR,Manager,2020-02-20,B,user@domain.com, 
 charlie ,25,65000,Female,HR,Analyst,2019-12-01,A,,098-765-4321
 alice ,40,70000,Other,IT,Director,2019-12-01,D,name@company.org,555-555-5555
 eve ,35,65000,Other,Sales,Director,2020-01-15,F,name@company.org,123-456-7890
 jack ,30,  ,Other,HR,Director,2018-04-05,C,user@domain.com,098-765-4321
 grace ,30,60000,Other,Sales,Analyst,2019-12-01,C,,098-765-4321
 grace ,35,70000,Other,Marketing,Director,2019-12-01,D,,
 ivy ,50,65000,Female,Sales,Director,2018-04-05,B,email@example.com, 
 jack ,30,60000,Female,Finance,Clerk,2020-01-15,A,name@company.org,123-456-7890
 jack ,,55000,Female,Finance,Manager,2018-04-05,F,user@domain.com,123-456-7890
 charlie ,25,65000,Female,Sales,Manager,2020-01-15,A,,123-456-7890
 grace ,,  ,Male,Finance,Clerk,2020-02-20,F,name@company.org,098-765-4321
 alice ,30,55000,Female,Marketing,Clerk,2020-01-15,C,email@example.com,
 david ,40,55000,Other,IT,Clerk,2020-02-20,A,,555-555-5555
 david ,25,50000,Other,Finance,Manager,2020-02-20,D,user@domain.com,098-765-4321
 eve ,25,70000,Female,Finance,Director,2020-01-15,B,name@company.org,555-555-5555
 grace ,35,65000,Other,Sales,Clerk,2019-03-25,D,,
 grace ,35,55000,Female,Marketing,Analyst,2020-01-15,B,email@example.com, 
 david ,40,50000,Other,IT,Clerk,2019-12-01,A,email@example.com,123-456-7890
 grace ,50,  ,Male,Sales,Assistant,2019-12-01,A,name@company.org,555-555-5555
 charlie ,25,60000,Male,Sales,Clerk,2019-03-25,B,,098-765-4321
 frank ,40,65000,Female,Marketing,Manager,2020-02-20,C,email@example.com,555-555-5555
 bob ,35,55000,Female,IT,Clerk,2019-03-25,F,user@domain.com, 
 jack ,35,70000,Female,Marketing,Assistant,2019-12-01,D,email@example.com,123-456-7890
 ivy ,25,50000,Other,IT,Analyst,2019-03-25,D,,555-555-5555
 eve ,,55000,Female,Marketing,Director,2020-01-15,D,, 
 frank ,30,70000,Male,Sales,Clerk,2019-03-25,A,,098-765-4321
 david ,35,55000,Other,Sales,Assistant,2020-02-20,D,name@company.org,
 jack ,50,65000,Female,HR,Assistant,2020-01-15,F,,098-765-4321
 grace ,50,65000,Other,Finance,Analyst,2018-04-05,F,email@example.com,123-456-7890
 ivy ,35,65000,Other,Marketing,Manager,2019-12-01,B,email@example.com,098-765-4321
 grace ,,  ,Female,HR,Clerk,2019-12-01,A,,098-765-4321
 alice ,,  ,Other,Finance,Assistant,2019-03-25,F,,098-765-4321
 alice ,40,50000,Male,Marketing,Analyst,2020-01-15,C,user@domain.com,098-765-4321
 ivy ,50,65000,Male,IT,Director,2018-04-05,A,,123-456-7890
 ivy ,40,70000,Other,Finance,Assistant,2020-01-15,A,user@domain.com, 
 david ,50,55000,Female,Sales,Analyst,2019-12-01,F,email@example.com,555-555-5555
 ivy ,30,60000,Other,HR,Manager,2020-01-15,C,user@domain.com,
 charlie ,30,70000,Male,Finance,Manager,2018-04-05,B,user@domain.com,555-555-5555
 grace ,25,  ,Other,Finance,Assistant,2019-03-25,F,name@company.org,555-555-5555
 frank ,40,  ,Other,Sales,Assistant,2020-02-20,C,,
 hannah ,35,70000,Male,Marketing,Clerk,2020-01-15,A,user@domain.com,123-456-7890
 ivy ,40,  ,Other,IT,Analyst,2020-02-20,C,email@example.com,
 eve ,35,65000,Other,Sales,Assistant,2019-12-01,A,,123-456-7890
 alice ,,50000,Female,IT,Clerk,2019-03-25,F,user@domain.com,555-555-5555
 charlie ,40,55000,Female,Marketing,Clerk,2019-03-25,F,,123-456-7890
 jack ,,50000,Male,Finance,Assistant,2020-01-15,D,name@company.org, 
 hannah ,30,55000,Male,IT,Manager,2019-03-25,D,email@example.com,
 frank ,30,55000,Male,HR,Analyst,2020-01-15,D,name@company.org, 
 hannah ,25,50000,Female,HR,Analyst,2020-01-15,F,,555-555-5555
 ivy ,40,70000,Male,Sales,Manager,2020-02-20,B,user@domain.com,
 david ,,55000,Male,Marketing,Assistant,2019-03-25,F,user@domain.com,555-555-5555
 alice ,35,50000,Male,Sales,Analyst,2020-01-15,C,, 
 alice ,30,55000,Female,Sales,Assistant,2020-02-20,F,user@domain.com,555-555-5555
 jack ,30,60000,Other,Sales,Assistant,2018-04-05,F,email@example.com,
 david ,35,70000,Male,HR,Clerk,2020-02-20,A,,
 grace ,,65000,Other,HR,Manager,2020-02-20,A,name@company.org,555-555-5555
 bob ,,55000,Male,Sales,Assistant,2020-01-15,A,,
 charlie ,40,60000,Other,HR,Director,2019-12-01,F,user@domain.com,
 alice ,40,65000,Female,Marketing,Manager,2019-12-01,B,name@company.org,555-555-5555
 eve ,50,65000,Female,Sales,Analyst,2019-12-01,C,, 
 alice ,50,55000,Male,HR,Clerk,2020-02-20,C,,
 hannah ,25,50000,Other,IT,Analyst,2020-01-15,B,name@company.org,
 alice ,30,55000,Female,Sales,Analyst,2019-03-25,B,name@company.org,
 alice ,40,60000,Male,Sales,Manager,2020-02-20,C,name@company.org,
 bob ,,65000,Male,Marketing,Analyst,2020-02-20,D,email@example.com,555-555-5555
 bob ,35,55000,Female,Finance,Assistant,2020-01-15,A,, 
 frank ,,50000,Female,Finance,Analyst,2018-04-05,A,name@company.org, 
 grace ,30,55000,Male,Marketing,Clerk,2020-02-20,C,,123-456-7890
 eve ,50,70000,Other,Marketing,Clerk,2018-04-05,B,name@company.org,
 alice ,,50000,Other,Marketing,Director,2018-04-05,D,,
 alice ,25,60000,Other,Finance,Clerk,2019-12-01,C,,123-456-7890
 charlie ,30,65000,Male,Marketing,Analyst,2020-01-15,A,, 
 bob ,50,55000,Female,HR,Clerk,2018-04-05,F,user@domain.com,098-765-4321
 eve ,35,50000,Male,Sales,Manager,2020-01-15,B,name@company.org,098-765-4321
 jack ,50,70000,Female,Sales,Clerk,2019-12-01,F,user@domain.com, 
 frank ,25,50000,Other,IT,Assistant,2020-01-15,C,,
 grace ,30,  ,Other,IT,Manager,2020-02-20,A,user@domain.com,098-765-4321
 david ,35,70000,Female,Sales,Director,2018-04-05,D,,555-555-5555
 grace ,25,60000,Female,HR,Assistant,2020-01-15,F,,555-555-5555
 hannah ,50,65000,Male,Finance,Analyst,2019-03-25,D,,123-456-7890
 alice ,25,60000,Other,Finance,Analyst,2020-01-15,A,user@domain.com, 
 frank ,30,55000,Male,HR,Analyst,2018-04-05,F,name@company.org, 
 hannah ,40,50000,Male,Finance,Assistant,2019-12-01,D,user@domain.com,098-765-4321
 eve ,25,  ,Male,Marketing,Assistant,2019-12-01,D,name@company.org,
 david ,25,70000,Other,Sales,Assistant,2018-04-05,F,name@company.org, 
 bob ,50,70000,Male,Sales,Manager,2020-02-20,A,,098-765-4321
 frank ,50,50000,Male,HR,Manager,2020-02-20,D,user@domain.com,098-765-4321
 frank ,35,  ,Male,Finance,Analyst,2019-12-01,C,name@company.org, 
 alice ,50,50000,Male,IT,Clerk,2019-12-01,F,,098-765-4321
 ivy ,,55000,Male,IT,Analyst,2018-04-05,B,name@company.org,123-456-7890
 frank ,30,60000,Male,Finance,Director,2020-02-20,B,,123-456-7890
 charlie ,30,70000,Other,IT,Manager,2019-12-01,A,user@domain.com, 
 david ,40,55000,Male,HR,Assistant,2020-02-20,C,user@domain.com,
 david ,40,60000,Female,HR,Manager,2019-12-01,D,user@domain.com,123-456-7890
 charlie ,30,55000,Male,Finance,Assistant,2020-01-15,B,name@company.org,123-456-7890
 jack ,40,  ,Male,IT,Director,2019-03-25,A,email@example.com, 
 charlie ,35,70000,Other,HR,Director,2020-01-15,C,name@company.org,555-555-5555
 charlie ,50,50000,Other,HR,Manager,2019-12-01,C,name@company.org,098-765-4321
 david ,30,50000,Female,Marketing,Assistant,2019-03-25,A,,123-456-7890
 grace ,40,60000,Female,Marketing,Director,2019-03-25,A,,555-555-5555
 david ,30,65000,Other,HR,Analyst,2019-12-01,D,name@company.org,
 ivy ,,  ,Other,Finance,Analyst,2019-12-01,A,,555-555-5555
 alice ,25,60000,Male,Sales,Assistant,2020-02-20,D,, 
 hannah ,50,65000,Other,Sales,Manager,2019-12-01,D,name@company.org,
 grace ,30,55000,Female,HR,Director,2018-04-05,F,email@example.com,
 bob ,25,  ,Male,HR,Manager,2019-12-01,C,,555-555-5555
 hannah ,40,55000,Female,HR,Analyst,2018-04-05,C,user@domain.com, 
 alice ,25,70000,Male,Finance,Director,2019-12-01,C,name@company.org,123-456-7890
 ivy ,50,  ,Other,Marketing,Manager,2020-02-20,F,name@company.org,555-555-5555
 ivy ,30,65000,Female,HR,Clerk,2018-04-05,D,,123-456-7890
 bob ,,70000,Male,HR,Assistant,2020-01-15,D,,555-555-5555
 grace ,40,50000,Male,IT,Assistant,2018-04-05,A,,123-456-7890
 jack ,30,65000,Other,Finance,Clerk,2020-02-20,F,,555-555-5555
 charlie ,50,60000,Other,HR,Analyst,2018-04-05,A,user@domain.com,
 grace ,40,50000,Other,IT,Director,2019-12-01,F,,098-765-4321
 jack ,35,50000,Female,Sales,Assistant,2019-12-01,A,,
 ivy ,25,60000,Male,HR,Clerk,2020-02-20,B,,123-456-7890
 david ,50,  ,Other,HR,Clerk,2019-03-25,C,, 
 alice ,35,50000,Female,IT,Analyst,2019-12-01,C,email@example.com,
 bob ,30,65000,Female,Finance,Analyst,2020-01-15,D,email@example.com,098-765-4321
 alice ,,70000,Female,HR,Manager,2020-02-20,B,name@company.org,123-456-7890
 eve ,40,50000,Other,Sales,Assistant,2018-04-05,C,name@company.org,
 eve ,25,65000,Other,HR,Manager,2018-04-05,D,,555-555-5555
 grace ,40,55000,Male,Sales,Clerk,2020-01-15,B,, 
 ivy ,30,65000,Male,Marketing,Director,2019-12-01,C,user@domain.com,123-456-7890
 ivy ,40,70000,Other,Marketing,Director,2020-02-20,A,user@domain.com,
 charlie ,25,65000,Female,Sales,Analyst,2020-01-15,F,email@example.com,123-456-7890
 charlie ,30,60000,Female,Finance,Director,2019-12-01,B,name@company.org,555-555-5555
 charlie ,40,70000,Female,HR,Director,2020-02-20,D,email@example.com,098-765-4321
 david ,,  ,Male,HR,Director,2018-04-05,B,email@example.com,
 hannah ,50,55000,Female,Marketing,Clerk,2020-02-20,D,name@company.org,123-456-7890
 frank ,30,60000,Male,Sales,Director,2019-03-25,B,user@domain.com,123-456-7890
 hannah ,50,  ,Male,HR,Director,2020-02-20,D,name@company.org,123-456-7890
 alice ,30,65000,Female,HR,Director,2019-03-25,C,,098-765-4321
 hannah ,,70000,Female,Finance,Manager,2020-02-20,A,,123-456-7890
 david ,50,55000,Other,IT,Clerk,2019-03-25,C,, 
 alice ,35,60000,Other,Marketing,Analyst,2018-04-05,A,, 
 hannah ,25,  ,Female,Marketing,Manager,2019-12-01,C,user@domain.com,123-456-7890
 david ,35,  ,Male,IT,Assistant,2019-03-25,C,user@domain.com, 
 frank ,40,55000,Male,HR,Clerk,2019-03-25,B,,
 hannah ,,65000,Male,Finance,Clerk,2018-04-05,F,email@example.com, 
 david ,35,55000,Male,Finance,Assistant,2019-03-25,D,,123-456-7890
 charlie ,30,  ,Male,Marketing,Assistant,2020-01-15,D,,555-555-5555
 ivy ,40,50000,Other,Finance,Assistant,2018-04-05,D,email@example.com,
 charlie ,40,60000,Female,IT,Analyst,2020-01-15,A,name@company.org,098-765-4321
 ivy ,35,55000,Other,HR,Director,2018-04-05,D,name@company.org,123-456-7890
 bob ,35,  ,Male,IT,Clerk,2019-03-25,D,user@domain.com,098-765-4321
 bob ,,65000,Male,Sales,Director,2020-01-15,B,,555-555-5555
 bob ,25,  ,Male,Marketing,Director,2019-03-25,C,user@domain.com,098-765-4321
 frank ,35,65000,Male,Finance,Assistant,2018-04-05,D,name@company.org,123-456-7890
 charlie ,35,55000,Female,Sales,Analyst,2019-03-25,F,email@example.com,123-456-7890
 ivy ,50,65000,Male,Finance,Manager,2020-01-15,D,user@domain.com,555-555-5555
 david ,30,70000,Female,HR,Analyst,2020-01-15,A,,123-456-7890
 alice ,50,70000,Male,HR,Director,2019-03-25,A,,555-555-5555
 david ,50,70000,Female,HR,Analyst,2020-02-20,A,email@example.com,555-555-5555
 alice ,40,50000,Other,Finance,Assistant,2018-04-05,D,name@company.org,123-456-7890
 eve ,25,55000,Male,Sales,Manager,2018-04-05,B,, 
 david ,30,  ,Female,HR,Assistant,2019-03-25,F,,555-555-5555
 hannah ,,  ,Other,Sales,Manager,2020-02-20,D,,123-456-7890
 hannah ,,50000,Male,Finance,Director,2020-01-15,B,user@domain.com, 
 grace ,35,65000,Male,Sales,Manager,2019-12-01,B,name@company.org,555-555-5555
 charlie ,35,50000,Male,Finance,Manager,2019-12-01,D,user@domain.com, 
 alice ,,65000,Female,Finance,Manager,2019-03-25,D,name@company.org,
 alice ,35,65000,Female,Marketing,Analyst,2020-02-20,B,,
 charlie ,25,60000,Other,Finance,Analyst,2020-02-20,B,, 
 frank ,50,  ,Female,Finance,Director,2018-04-05,B,user@domain.com,555-555-5555
 grace ,35,70000,Female,IT,Manager,2020-01-15,D,,123-456-7890
 frank ,40,65000,Male,HR,Clerk,2020-02-20,B,name@company.org,098-765-4321
 frank ,35,60000,Male,Marketing,Director,2019-12-01,A,user@domain.com,123-456-7890
 frank ,30,  ,Male,Marketing,Manager,2020-01-15,D,user@domain.com,098-765-4321
 charlie ,25,70000,Male,Marketing,Manager,2020-01-15,A,,098-765-4321
 frank ,30,65000,Male,IT,Analyst,2019-03-25,C,user@domain.com,555-555-5555
 hannah ,30,65000,Male,Finance,Director,2020-02-20,D,, 
 bob ,40,50000,Male,HR,Manager,2019-03-25,C,,123-456-7890
 eve ,25,50000,Other,Sales,Manager,2020-02-20,B,, 
 alice ,25,  ,Other,Finance,Director,2018-04-05,B,name@company.org,
 alice ,25,70000,Other,IT,Clerk,2019-03-25,F,,555-555-5555
 eve ,25,65000,Other,Finance,Director,2019-03-25,B,,555-555-5555
 charlie ,25,  ,Male,Finance,Director,2019-12-01,C,email@example.com,
 david ,40,  ,Other,IT,Clerk,2019-03-25,B,email@example.com,123-456-7890
 charlie ,35,55000,Male,Marketing,Director,2020-02-20,D,user@domain.com,
 alice ,30,50000,Other,Marketing,Manager,2019-12-01,B,user@domain.com,123-456-7890
 alice ,25,70000,Female,HR,Director,2019-03-25,F,email@example.com,098-765-4321
 eve ,35,65000,Other,HR,Clerk,2019-03-25,B,,555-555-5555
 frank ,35,  ,Other,Marketing,Assistant,2018-04-05,C,user@domain.com,123-456-7890
 charlie ,30,65000,Male,Sales,Director,2019-03-25,C,, 
 ivy ,40,55000,Other,Finance,Analyst,2020-01-15,B,, 
 eve ,,70000,Female,Sales,Manager,2019-12-01,C,,555-555-5555
 hannah ,,  ,Male,Finance,Manager,2020-01-15,C,user@domain.com,
 alice ,35,65000,Male,Marketing,Analyst,2019-12-01,F,,
 eve ,50,50000,Other,HR,Analyst,2018-04-05,D,user@domain.com,123-456-7890
 charlie ,50,55000,Male,HR,Director,2019-03-25,F,user@domain.com,
 alice ,30,70000,Male,Sales,Analyst,2019-03-25,A,,555-555-5555
 david ,,55000,Male,HR,Assistant,2019-03-25,F,email@example.com,123-456-7890
 eve ,35,50000,Male,Marketing,Clerk,2019-12-01,B,,098-765-4321
 grace ,40,70000,Male,Sales,Analyst,2019-03-25,D,,
 alice ,,55000,Male,Finance,Analyst,2020-01-15,B,name@company.org,
 charlie ,35,60000,Female,HR,Assistant,2019-03-25,A,,123-456-7890
 bob ,35,50000,Other,IT,Manager,2018-04-05,D,user@domain.com, 
 ivy ,25,50000,Female,HR,Manager,2020-01-15,C,user@domain.com,
 jack ,40,50000,Male,Finance,Director,2019-03-25,F,,555-555-5555
 frank ,25,60000,Male,Sales,Assistant,2019-03-25,B,name@company.org,
 jack ,30,60000,Other,Finance,Clerk,2020-02-20,A,,098-765-4321
 charlie ,25,65000,Female,IT,Clerk,2019-12-01,C,name@company.org,
 hannah ,25,  ,Other,Marketing,Assistant,2020-01-15,F,name@company.org, 
 hannah ,,55000,Female,HR,Clerk,2020-02-20,C,,
 bob ,50,65000,Male,Sales,Manager,2018-04-05,F,user@domain.com,123-456-7890
 frank ,35,55000,Other,Marketing,Clerk,2019-12-01,D,user@domain.com,
 grace ,40,  ,Other,Finance,Clerk,2020-01-15,C,name@company.org, 
 bob ,25,60000,Male,Sales,Assistant,2019-03-25,C,user@domain.com,123-456-7890
 jack ,40,  ,Other,Marketing,Assistant,2020-01-15,C,email@example.com,555-555-5555
 bob ,50,60000,Female,Sales,Clerk,2019-03-25,D,name@company.org,123-456-7890
 jack ,50,  ,Female,IT,Analyst,2019-12-01,A,user@domain.com,098-765-4321
 alice ,25,65000,Female,IT,Assistant,2019-03-25,F,email@example.com,123-456-7890
 hannah ,30,70000,Female,HR,Director,2018-04-05,C,,555-555-5555
 alice ,25,65000,Male,HR,Director,2019-03-25,D,user@domain.com,
 ivy ,,55000,Other,IT,Manager,2018-04-05,A,email@example.com,123-456-7890
 frank ,35,65000,Female,Sales,Clerk,2019-12-01,F,,123-456-7890
 grace ,30,50000,Male,IT,Analyst,2019-12-01,D,,123-456-7890
 jack ,25,55000,Other,HR,Manager,2020-01-15,F,email@example.com,123-456-7890
 grace ,40,  ,Other,IT,Clerk,2018-04-05,C,name@company.org,555-555-5555
 jack ,30,55000,Male,IT,Assistant,2018-04-05,A,name@company.org, 
 charlie ,30,70000,Male,Sales,Director,2020-02-20,D,user@domain.com, 
 bob ,25,60000,Female,Marketing,Analyst,2020-02-20,A,,123-456-7890
 ivy ,30,  ,Other,HR,Director,2020-02-20,C,name@company.org,555-555-5555
 hannah ,40,55000,Other,Sales,Assistant,2019-03-25,A,name@company.org,555-555-5555
 jack ,50,  ,Male,IT,Clerk,2020-02-20,A,,123-456-7890
 grace ,30,  ,Other,IT,Assistant,2018-04-05,B,,098-765-4321
 ivy ,50,  ,Female,Marketing,Assistant,2019-03-25,A,name@company.org,123-456-7890
 david ,40,60000,Other,HR,Director,2019-12-01,F,email@example.com,098-765-4321
 david ,25,65000,Male,HR,Analyst,2020-01-15,D,user@domain.com,123-456-7890
 alice ,35,  ,Male,Finance,Assistant,2020-02-20,B,name@company.org,098-765-4321
 hannah ,30,50000,Female,HR,Director,2019-12-01,D,name@company.org,098-765-4321
 charlie ,35,70000,Female,Marketing,Analyst,2018-04-05,D,,123-456-7890
 grace ,40,60000,Other,Finance,Clerk,2020-01-15,C,email@example.com,098-765-4321
 bob ,30,55000,Other,Finance,Clerk,2019-12-01,C,user@domain.com,
 bob ,50,60000,Male,IT,Manager,2020-01-15,B,name@company.org, 
 grace ,,55000,Female,IT,Director,2020-02-20,C,user@domain.com,555-555-5555
 frank ,35,60000,Female,HR,Analyst,2018-04-05,C,,098-765-4321
 charlie ,30,55000,Female,Finance,Assistant,2020-01-15,C,name@company.org,098-765-4321
 ivy ,35,  ,Other,IT,Clerk,2019-12-01,D,name@company.org,555-555-5555
 jack ,30,65000,Female,Marketing,Analyst,2020-02-20,B,,098-765-4321
 frank ,25,55000,Male,IT,Director,2020-02-20,D,,555-555-5555
 jack ,50,55000,Male,IT,Manager,2019-12-01,F,name@company.org,123-456-7890
 jack ,35,50000,Other,Finance,Clerk,2019-12-01,D,user@domain.com,
 frank ,,55000,Other,Finance,Analyst,2020-01-15,F,email@example.com,
 alice ,,50000,Female,Sales,Analyst,2019-03-25,A,user@domain.com, 
 david ,40,70000,Other,Marketing,Analyst,2020-02-20,A,,098-765-4321
 jack ,30,  ,Male,Finance,Director,2020-01-15,F,email@example.com, 
 frank ,35,50000,Female,HR,Director,2019-12-01,F,user@domain.com,123-456-7890
 frank ,40,65000,Male,Marketing,Director,2020-01-15,D,user@domain.com,
 eve ,35,  ,Female,Marketing,Assistant,2019-12-01,F,,123-456-7890
 alice ,30,50000,Other,Finance,Analyst,2018-04-05,B,,123-456-7890
 hannah ,,  ,Female,Marketing,Clerk,2019-12-01,A,,098-765-4321
 eve ,25,  ,Female,Finance,Director,2019-12-01,A,email@example.com,123-456-7890
 eve ,,  ,Male,IT,Director,2019-12-01,F,,
 grace ,40,70000,Male,Sales,Analyst,2019-03-25,C,, 
 david ,50,65000,Female,IT,Director,2019-12-01,C,name@company.org,
 frank ,25,60000,Other,Finance,Assistant,2020-02-20,F,name@company.org,098-765-4321
 david ,40,60000,Other,Finance,Assistant,2020-02-20,B,email@example.com,
 charlie ,30,50000,Male,IT,Director,2020-01-15,C,name@company.org,555-555-5555
 grace ,25,  ,Other,HR,Analyst,2019-03-25,F,, 
 hannah ,40,50000,Male,HR,Analyst,2020-01-15,B,email@example.com,555-555-5555
 david ,30,70000,Other,HR,Analyst,2020-02-20,B,,555-555-5555
 bob ,,70000,Female,Finance,Manager,2020-02-20,D,email@example.com,098-765-4321
 jack ,50,55000,Male,Marketing,Director,2018-04-05,B,email@example.com,123-456-7890
 charlie ,30,70000,Male,Finance,Analyst,2019-12-01,C,user@domain.com,555-555-5555
 alice ,35,55000,Female,Marketing,Assistant,2020-02-20,C,user@domain.com,
 hannah ,30,65000,Male,IT,Clerk,2020-01-15,F,email@example.com,123-456-7890
 charlie ,30,50000,Other,Sales,Clerk,2020-01-15,F,name@company.org,
 jack ,50,65000,Other,Marketing,Analyst,2019-12-01,B,user@domain.com,
 grace ,35,70000,Male,HR,Clerk,2019-12-01,A,,123-456-7890
 jack ,40,65000,Other,Finance,Clerk,2018-04-05,D,,123-456-7890
 eve ,40,65000,Male,IT,Manager,2019-03-25,A,user@domain.com,
 jack ,30,65000,Female,HR,Assistant,2020-01-15,B,email@example.com,098-765-4321
 eve ,35,70000,Male,IT,Assistant,2019-12-01,B,name@company.org, 
 grace ,35,  ,Female,Sales,Manager,2020-01-15,A,, 
 ivy ,50,65000,Other,Finance,Manager,2019-12-01,D,user@domain.com,098-765-4321
 eve ,,55000,Female,Finance,Clerk,2020-02-20,A,name@company.org,123-456-7890
 alice ,40,70000,Other,Sales,Director,2020-01-15,F,name@company.org,
 jack ,50,65000,Male,Finance,Clerk,2020-02-20,C,name@company.org, 
 jack ,25,  ,Other,Marketing,Manager,2020-01-15,F,email@example.com,
 alice ,40,70000,Male,IT,Assistant,2019-03-25,C,,098-765-4321
 bob ,50,60000,Male,HR,Clerk,2018-04-05,B,name@company.org,
 frank ,40,  ,Female,Sales,Director,2020-02-20,D,,098-765-4321
 ivy ,,55000,Female,Marketing,Clerk,2019-12-01,A,user@domain.com,123-456-7890
 hannah ,25,65000,Female,HR,Analyst,2019-03-25,D,,098-765-4321
 eve ,,60000,Female,HR,Clerk,2020-01-15,A,email@example.com,098-765-4321
 alice ,25,60000,Other,Sales,Manager,2020-02-20,F,email@example.com, 
 grace ,30,70000,Other,Marketing,Assistant,2020-01-15,F,,
 eve ,50,60000,Other,HR,Assistant,2020-01-15,A,, 
 frank ,25,55000,Male,HR,Manager,2020-01-15,D,email@example.com,555-555-5555
 grace ,,55000,Other,Marketing,Analyst,2018-04-05,A,email@example.com,098-765-4321
 charlie ,40,50000,Other,Finance,Manager,2018-04-05,B,,555-555-5555
 jack ,25,55000,Other,HR,Clerk,2019-12-01,F,email@example.com, 
 charlie ,50,  ,Female,IT,Manager,2020-02-20,B,,
 eve ,25,60000,Other,Marketing,Manager,2019-03-25,F,, 
 frank ,35,55000,Male,HR,Analyst,2019-03-25,F,,
 ivy ,40,70000,Female,Sales,Clerk,2019-03-25,C,user@domain.com,
 eve ,50,50000,Male,IT,Director,2020-01-15,B,,123-456-7890
 alice ,50,60000,Other,HR,Director,2018-04-05,B,,098-765-4321
 david ,30,50000,Female,IT,Assistant,2020-02-20,C,user@domain.com, 
 eve ,,60000,Male,IT,Manager,2020-01-15,D,name@company.org,
 jack ,30,70000,Other,Finance,Assistant,2018-04-05,B,email@example.com, 
 jack ,50,50000,Male,IT,Analyst,2018-04-05,A,, 
 eve ,40,65000,Male,Finance,Director,2020-02-20,C,email@example.com,
 grace ,25,  ,Male,Marketing,Manager,2020-02-20,B,,555-555-5555
 david ,25,  ,Other,Finance,Analyst,2020-02-20,D,email@example.com,098-765-4321
 alice ,40,60000,Other,Sales,Analyst,2020-01-15,B,user@domain.com,098-765-4321
 eve ,50,65000,Male,HR,Manager,2019-12-01,F,email@example.com,123-456-7890
 grace ,25,50000,Female,Marketing,Analyst,2020-02-20,A,email@example.com,123-456-7890
 jack ,25,65000,Female,Marketing,Manager,2019-12-01,C,email@example.com,123-456-7890
 jack ,25,65000,Other,Sales,Manager,2020-01-15,F,name@company.org,098-765-4321
 frank ,,50000,Other,Finance,Clerk,2019-12-01,D,name@company.org,555-555-5555
 eve ,,70000,Other,HR,Assistant,2019-03-25,F,,098-765-4321
 david ,35,65000,Other,Finance,Analyst,2019-12-01,F,user@domain.com,098-765-4321
 bob ,30,65000,Other,IT,Analyst,2020-02-20,D,email@example.com,098-765-4321
 david ,40,70000,Female,Finance,Clerk,2020-01-15,F,email@example.com,098-765-4321
 jack ,40,65000,Other,Marketing,Clerk,2020-02-20,C,email@example.com,555-555-5555
 jack ,40,65000,Male,HR,Clerk,2019-03-25,B,email@example.com,123-456-7890
 charlie ,35,65000,Male,Finance,Director,2020-02-20,F,name@company.org, 
 jack ,,  ,Female,HR,Director,2020-02-20,C,,123-456-7890
 alice ,50,55000,Male,HR,Director,2020-02-20,B,,123-456-7890
 hannah ,50,70000,Female,IT,Manager,2018-04-05,B,user@domain.com, 
 eve ,35,65000,Female,IT,Analyst,2019-03-25,F,email@example.com,098-765-4321
 david ,50,  ,Male,Marketing,Assistant,2020-02-20,C,,555-555-5555
 hannah ,40,70000,Other,Sales,Manager,2020-02-20,F,,555-555-5555
 grace ,30,60000,Male,HR,Analyst,2020-02-20,D,,123-456-7890
 bob ,25,60000,Male,Sales,Analyst,2020-01-15,B,name@company.org, 
 alice ,,65000,Female,Marketing,Clerk,2018-04-05,F,,
 david ,,  ,Male,HR,Clerk,2020-01-15,B,,098-765-4321
 hannah ,35,  ,Female,HR,Manager,2018-04-05,C,name@company.org,123-456-7890
 bob ,,70000,Other,Sales,Clerk,2020-02-20,A,,555-555-5555
 charlie ,40,70000,Other,Finance,Analyst,2019-03-25,F,, 
 alice ,50,  ,Other,IT,Clerk,2019-12-01,F,, 
 alice ,40,70000,Male,Finance,Director,2019-12-01,B,name@company.org,123-456-7890
 charlie ,35,  ,Female,Sales,Clerk,2020-02-20,C,email@example.com,
 eve ,40,55000,Other,IT,Analyst,2020-01-15,D,user@domain.com,555-555-5555
 charlie ,50,  ,Female,Finance,Manager,2019-03-25,C,,123-456-7890
 alice ,30,60000,Female,IT,Assistant,2018-04-05,F,name@company.org,
 alice ,35,70000,Other,HR,Clerk,2020-02-20,D,, 
 hannah ,30,  ,Other,Finance,Analyst,2019-03-25,C,name@company.org,098-765-4321
 jack ,25,  ,Female,IT,Assistant,2019-03-25,A,user@domain.com,555-555-5555
 bob ,30,70000,Other,IT,Assistant,2018-04-05,B,user@domain.com,555-555-5555
 charlie ,25,55000,Female,IT,Director,2019-03-25,C,email@example.com,
 bob ,25,55000,Female,Finance,Assistant,2020-01-15,C,email@example.com,123-456-7890
 charlie ,30,70000,Other,Marketing,Analyst,2020-01-15,A,user@domain.com, 
 grace ,35,50000,Male,Finance,Analyst,2020-01-15,F,,
 alice ,50,70000,Other,Sales,Clerk,2019-03-25,B,,098-765-4321
 jack ,40,70000,Male,Finance,Clerk,2020-01-15,C,,098-765-4321
 hannah ,40,55000,Female,IT,Clerk,2018-04-05,D,email@example.com,098-765-4321
 jack ,50,55000,Female,HR,Assistant,2019-03-25,C,,
 jack ,25,70000,Male,Finance,Assistant,2019-12-01,B,email@example.com, 
 jack ,25,70000,Female,Finance,Director,2019-03-25,C,user@domain.com,555-555-5555
 bob ,35,70000,Male,IT,Clerk,2018-04-05,A,,123-456-7890
 charlie ,,55000,Male,HR,Manager,2019-12-01,C,,555-555-5555
 ivy ,30,70000,Female,HR,Director,2019-03-25,C,user@domain.com, 
 grace ,25,70000,Male,Sales,Manager,2020-01-15,D,,555-555-5555
 david ,40,65000,Other,Finance,Assistant,2020-02-20,A,,
 jack ,35,50000,Other,HR,Director,2020-02-20,A,name@company.org,098-765-4321
 eve ,30,60000,Female,HR,Director,2020-01-15,C,email@example.com, 
 bob ,35,50000,Female,Marketing,Analyst,2020-02-20,D,, 
 hannah ,30,65000,Male,Marketing,Assistant,2020-02-20,C,user@domain.com,555-555-5555
 david ,30,60000,Male,HR,Assistant,2020-01-15,C,,
 ivy ,50,70000,Male,Sales,Director,2020-01-15,B,,555-555-5555
 eve ,25,65000,Male,HR,Assistant,2019-03-25,B,email@example.com,555-555-5555
 ivy ,35,70000,Other,IT,Director,2019-03-25,D,name@company.org, 
 david ,35,55000,Other,Finance,Analyst,2020-01-15,F,email@example.com,555-555-5555
 jack ,50,  ,Female,Sales,Director,2018-04-05,B,,098-765-4321
 eve ,40,65000,Male,IT,Assistant,2020-02-20,F,,555-555-5555
 ivy ,40,55000,Male,Sales,Assistant,2019-03-25,A,,098-765-4321
 hannah ,25,65000,Female,IT,Director,2020-02-20,B,, 
 charlie ,25,65000,Male,Finance,Director,2019-12-01,B,user@domain.com,
 alice ,,55000,Male,Finance,Director,2020-01-15,D,name@company.org,098-765-4321
 charlie ,50,60000,Male,Marketing,Clerk,2018-04-05,F,,
 david ,40,50000,Male,IT,Assistant,2019-12-01,B,,
 bob ,30,70000,Male,Marketing,Assistant,2019-12-01,B,,098-765-4321
 alice ,35,65000,Female,IT,Clerk,2019-12-01,D,name@company.org, 
 grace ,25,70000,Male,Marketing,Director,2020-01-15,D,email@example.com,123-456-7890
 hannah ,35,  ,Female,Finance,Analyst,2019-03-25,F,name@company.org,
 grace ,35,55000,Male,Sales,Director,2020-01-15,A,name@company.org,
 eve ,,70000,Other,Marketing,Director,2019-03-25,A,name@company.org, 
 alice ,40,55000,Other,IT,Clerk,2019-12-01,C,, 
 grace ,25,70000,Other,IT,Assistant,2019-12-01,B,,555-555-5555
 grace ,35,50000,Other,Finance,Director,2018-04-05,F,user@domain.com, 
 ivy ,25,50000,Female,IT,Assistant,2019-03-25,B,email@example.com,
 charlie ,30,50000,Female,HR,Manager,2019-12-01,F,,098-765-4321
 ivy ,,50000,Male,Sales,Assistant,2020-02-20,F,name@company.org,123-456-7890
 alice ,30,50000,Other,Marketing,Analyst,2018-04-05,F,email@example.com,555-555-5555
 alice ,25,50000,Female,Sales,Analyst,2020-01-15,B,email@example.com,098-765-4321
 david ,25,55000,Male,Finance,Director,2018-04-05,D,user@domain.com,123-456-7890
 ivy ,40,65000,Male,Marketing,Assistant,2020-02-20,B,,123-456-7890
 frank ,35,70000,Female,Marketing,Director,2019-03-25,F,name@company.org,123-456-7890
 charlie ,35,50000,Other,HR,Clerk,2020-01-15,C,,098-765-4321
 alice ,30,55000,Male,Finance,Analyst,2020-01-15,A,user@domain.com,555-555-5555
 david ,,55000,Other,IT,Director,2019-03-25,F,,555-555-5555
 ivy ,50,55000,Other,HR,Clerk,2018-04-05,C,email@example.com,123-456-7890
 charlie ,35,65000,Other,HR,Director,2019-12-01,D,name@company.org,098-765-4321
 ivy ,40,70000,Male,Sales,Assistant,2018-04-05,F,,123-456-7890
 grace ,30,65000,Other,Sales,Assistant,2020-02-20,C,user@domain.com, 
 david ,30,60000,Male,Sales,Assistant,2019-12-01,F,,555-555-5555
 charlie ,50,55000,Other,HR,Assistant,2018-04-05,B,email@example.com,
 jack ,40,60000,Male,IT,Manager,2019-03-25,C,name@company.org,123-456-7890
 eve ,,  ,Other,Marketing,Clerk,2020-02-20,B,, 
 eve ,40,50000,Female,Sales,Clerk,2020-02-20,B,,555-555-5555
 charlie ,,50000,Other,IT,Assistant,2020-02-20,C,email@example.com,098-765-4321
 ivy ,40,65000,Other,Finance,Manager,2019-12-01,A,,555-555-5555
 david ,40,70000,Male,Sales,Assistant,2020-01-15,C,user@domain.com,098-765-4321
 eve ,25,60000,Male,Marketing,Manager,2019-12-01,A,,098-765-4321
 david ,30,70000,Other,Finance,Assistant,2018-04-05,F,,123-456-7890
 eve ,40,65000,Female,Finance,Analyst,2020-01-15,F,,123-456-7890
 grace ,50,50000,Female,Marketing,Analyst,2018-04-05,C,email@example.com,555-555-5555
 ivy ,40,70000,Male,Sales,Director,2020-01-15,F,email@example.com, 
 grace ,35,70000,Female,HR,Assistant,2019-12-01,D,user@domain.com,555-555-5555
 eve ,30,50000,Other,Marketing,Clerk,2020-02-20,B,,
 jack ,35,60000,Male,Marketing,Director,2019-03-25,B,email@example.com,098-765-4321
 jack ,30,50000,Other,Marketing,Analyst,2020-02-20,A,user@domain.com,098-765-4321
 grace ,35,70000,Male,Finance,Assistant,2019-12-01,F,user@domain.com,123-456-7890
 jack ,40,60000,Male,IT,Director,2020-01-15,A,, 
 eve ,40,60000,Male,HR,Assistant,2020-02-20,B,name@company.org,123-456-7890
 charlie ,25,50000,Male,Sales,Analyst,2019-12-01,B,,
 grace ,50,70000,Female,Sales,Director,2018-04-05,F,name@company.org,555-555-5555
 bob ,35,65000,Other,IT,Analyst,2019-03-25,D,user@domain.com,555-555-5555
 ivy ,,70000,Other,Marketing,Manager,2020-02-20,D,email@example.com, 
 jack ,25,55000,Other,HR,Analyst,2020-01-15,F,,123-456-7890
 jack ,35,  ,Male,Sales,Assistant,2018-04-05,F,user@domain.com,123-456-7890
 alice ,35,65000,Female,Sales,Clerk,2019-12-01,A,email@example.com,
 frank ,25,60000,Other,Marketing,Analyst,2019-03-25,F,user@domain.com,555-555-5555
 grace ,40,65000,Female,IT,Clerk,2020-01-15,D,,123-456-7890
 hannah ,35,60000,Male,HR,Manager,2019-12-01,F,name@company.org, 
 jack ,40,60000,Other,IT,Director,2019-12-01,A,user@domain.com,555-555-5555
 ivy ,25,65000,Female,IT,Director,2020-02-20,A,email@example.com,
 bob ,40,60000,Male,HR,Clerk,2020-02-20,A,, 
 jack ,30,60000,Female,HR,Director,2020-01-15,A,,098-765-4321
 bob ,,55000,Other,Sales,Analyst,2019-12-01,C,,
 eve ,35,70000,Other,Sales,Clerk,2020-02-20,F,name@company.org, 
 eve ,50,70000,Male,HR,Assistant,2019-03-25,B,,123-456-7890
 frank ,,  ,Male,Finance,Analyst,2019-03-25,F,,098-765-4321
 charlie ,40,  ,Male,Sales,Analyst,2019-12-01,C,email@example.com,
 hannah ,35,55000,Female,Finance,Analyst,2020-02-20,A,user@domain.com,123-456-7890
 alice ,40,  ,Female,HR,Assistant,2020-01-15,C,name@company.org,098-765-4321
 frank ,30,65000,Female,Sales,Manager,2020-01-15,D,,555-555-5555
 david ,25,50000,Male,IT,Director,2020-01-15,D,name@company.org,123-456-7890
 alice ,35,50000,Other,HR,Clerk,2019-03-25,F,, 
 grace ,30,50000,Other,Marketing,Manager,2020-02-20,F,name@company.org,
 ivy ,30,55000,Female,Finance,Clerk,2020-02-20,B,,098-765-4321
 david ,35,55000,Female,HR,Director,2019-03-25,B,user@domain.com,123-456-7890
 david ,40,60000,Other,HR,Assistant,2020-01-15,D,user@domain.com,555-555-5555
 frank ,50,50000,Other,Sales,Analyst,2020-01-15,A,name@company.org,
 charlie ,30,65000,Female,Sales,Analyst,2019-12-01,C,email@example.com,
 frank ,,  ,Female,Sales,Assistant,2018-04-05,B,name@company.org,123-456-7890
 grace ,30,65000,Other,Marketing,Manager,2020-02-20,B,,555-555-5555
 jack ,50,  ,Male,Sales,Manager,2020-02-20,A,user@domain.com,098-765-4321
 jack ,40,50000,Female,HR,Clerk,2020-02-20,A,user@domain.com,123-456-7890
 charlie ,40,50000,Other,Sales,Assistant,2018-04-05,F,user@domain.com,098-765-4321
 grace ,,50000,Other,IT,Manager,2019-12-01,C,email@example.com,
 charlie ,30,55000,Other,Sales,Assistant,2018-04-05,A,email@example.com,098-765-4321
 bob ,40,  ,Other,Marketing,Director,2020-01-15,B,,555-555-5555
 jack ,50,55000,Male,IT,Analyst,2020-01-15,B,name@company.org, 
 david ,35,55000,Other,HR,Analyst,2020-02-20,D,name@company.org,555-555-5555
 hannah ,25,70000,Female,HR,Analyst,2019-03-25,A,,098-765-4321
 ivy ,25,65000,Male,Finance,Assistant,2020-02-20,F,user@domain.com,123-456-7890
 grace ,25,65000,Other,IT,Assistant,2019-03-25,C,email@example.com,
 alice ,30,60000,Male,Finance,Clerk,2018-04-05,F,, 
 charlie ,,55000,Female,IT,Analyst,2020-01-15,B,,123-456-7890
 ivy ,40,  ,Other,IT,Clerk,2019-03-25,F,email@example.com,123-456-7890
 alice ,35,70000,Female,Marketing,Analyst,2018-04-05,B,name@company.org,555-555-5555
 ivy ,50,70000,Other,Finance,Clerk,2020-01-15,B,user@domain.com,098-765-4321
 hannah ,35,65000,Other,Marketing,Clerk,2019-03-25,B,name@company.org,555-555-5555
 alice ,50,55000,Other,IT,Director,2020-02-20,B,,098-765-4321
 frank ,30,60000,Other,HR,Clerk,2020-02-20,B,user@domain.com,555-555-5555
 eve ,25,55000,Other,IT,Assistant,2020-02-20,D,,123-456-7890
 frank ,30,50000,Male,Marketing,Clerk,2018-04-05,F,,
 jack ,,55000,Other,Finance,Analyst,2020-02-20,D,name@company.org,098-765-4321
 eve ,,50000,Other,Finance,Clerk,2019-12-01,D,name@company.org, 
 frank ,50,50000,Male,Marketing,Manager,2020-01-15,A,name@company.org, 
 eve ,40,60000,Male,Finance,Analyst,2018-04-05,A,email@example.com,123-456-7890
 eve ,40,  ,Male,Sales,Manager,2020-02-20,A,,555-555-5555
 david ,50,65000,Male,HR,Analyst,2020-01-15,C,user@domain.com,555-555-5555
 charlie ,,55000,Male,HR,Assistant,2019-03-25,A,name@company.org,123-456-7890
 charlie ,,50000,Male,HR,Assistant,2020-02-20,F,name@company.org, 
 david ,,55000,Other,Finance,Assistant,2020-01-15,D,email@example.com, 
 ivy ,30,  ,Other,Finance,Manager,2019-12-01,F,user@domain.com,555-555-5555
 bob ,,65000,Female,IT,Director,2019-03-25,A,,098-765-4321
 ivy ,35,  ,Other,IT,Analyst,2019-12-01,C,,
 alice ,25,65000,Other,HR,Assistant,2020-01-15,C,email@example.com,098-765-4321
 alice ,,70000,Male,Sales,Analyst,2019-12-01,D,, 
 eve ,50,65000,Male,IT,Manager,2020-01-15,F,,098-765-4321
 frank ,25,60000,Other,IT,Director,2020-01-15,B,name@company.org,
 frank ,30,  ,Female,Finance,Manager,2019-12-01,F,name@company.org,098-765-4321
 charlie ,50,50000,Male,Sales,Analyst,2020-01-15,A,user@domain.com,098-765-4321
 grace ,25,70000,Other,HR,Director,2020-02-20,B,,098-765-4321
 ivy ,50,60000,Other,IT,Director,2020-01-15,C,name@company.org,098-765-4321
 jack ,30,55000,Female,Sales,Manager,2018-04-05,D,name@company.org,123-456-7890
 hannah ,35,  ,Female,Sales,Assistant,2020-01-15,D,user@domain.com, 
 frank ,30,50000,Male,HR,Analyst,2018-04-05,C,,
 hannah ,30,65000,Female,Sales,Clerk,2020-01-15,A,name@company.org, 
 eve ,50,50000,Other,Sales,Clerk,2020-01-15,C,email@example.com,123-456-7890
 hannah ,40,55000,Other,Sales,Manager,2019-12-01,A,email@example.com,123-456-7890
 jack ,,70000,Female,IT,Analyst,2020-02-20,B,,123-456-7890
 david ,,70000,Female,HR,Analyst,2020-02-20,C,,123-456-7890
 jack ,35,  ,Female,Sales,Manager,2019-03-25,A,user@domain.com,098-765-4321
 hannah ,35,70000,Female,Sales,Analyst,2019-12-01,B,email@example.com, 
 jack ,,  ,Male,IT,Assistant,2019-12-01,C,email@example.com,555-555-5555
 bob ,40,  ,Female,HR,Manager,2020-02-20,D,,
 eve ,,  ,Male,Finance,Assistant,2019-12-01,C,,123-456-7890
 ivy ,40,65000,Other,IT,Analyst,2020-02-20,F,, 
 david ,35,60000,Female,HR,Manager,2019-12-01,C,,123-456-7890
 frank ,25,  ,Male,Sales,Analyst,2020-01-15,F,email@example.com,123-456-7890
 alice ,50,  ,Female,HR,Manager,2020-02-20,B,user@domain.com,123-456-7890
 ivy ,35,60000,Other,HR,Analyst,2020-02-20,C,email@example.com,123-456-7890
 alice ,35,50000,Other,HR,Assistant,2018-04-05,B,,123-456-7890
 eve ,30,  ,Other,Finance,Assistant,2019-12-01,B,email@example.com,
 david ,30,65000,Female,HR,Analyst,2019-12-01,A,user@domain.com, 
 charlie ,30,70000,Female,Finance,Manager,2020-02-20,B,name@company.org,123-456-7890
 frank ,50,70000,Male,Sales,Clerk,2020-01-15,B,email@example.com,123-456-7890
 bob ,30,55000,Other,Finance,Assistant,2020-01-15,C,,123-456-7890
 charlie ,40,55000,Female,Sales,Assistant,2020-01-15,C,name@company.org,123-456-7890
 eve ,,70000,Other,Sales,Clerk,2019-12-01,D,,098-765-4321
 ivy ,25,70000,Other,Finance,Analyst,2018-04-05,A,,098-765-4321
 bob ,35,65000,Male,IT,Manager,2020-02-20,B,,555-555-5555
 jack ,40,60000,Male,Marketing,Analyst,2019-03-25,A,email@example.com,123-456-7890
 hannah ,25,55000,Male,HR,Director,2018-04-05,F,,555-555-5555
 bob ,40,60000,Male,Marketing,Assistant,2019-03-25,B,name@company.org,
 eve ,40,65000,Other,HR,Director,2018-04-05,A,user@domain.com,555-555-5555
 grace ,35,70000,Male,HR,Assistant,2020-01-15,D,, 
 hannah ,,  ,Male,Sales,Assistant,2019-12-01,D,email@example.com,098-765-4321
 alice ,30,60000,Male,HR,Director,2019-03-25,B,,098-765-4321
 frank ,50,70000,Male,HR,Director,2018-04-05,F,user@domain.com,123-456-7890
 alice ,,70000,Other,Finance,Analyst,2019-12-01,D,name@company.org,123-456-7890
 bob ,50,50000,Male,Marketing,Director,2019-03-25,D,,
 alice ,35,60000,Other,Finance,Analyst,2020-02-20,F,,
 eve ,35,  ,Female,HR,Analyst,2018-04-05,A,user@domain.com, 
 jack ,35,60000,Other,Sales,Analyst,2020-02-20,D,email@example.com,123-456-7890
 ivy ,25,70000,Other,Finance,Assistant,2020-01-15,C,name@company.org,123-456-7890
 frank ,50,  ,Male,Finance,Assistant,2020-02-20,D,user@domain.com,
 alice ,,65000,Female,IT,Director,2020-02-20,A,,
 alice ,,50000,Female,HR,Assistant,2018-04-05,A,name@company.org,
 bob ,40,70000,Female,Sales,Director,2020-01-15,B,,098-765-4321
 ivy ,40,55000,Female,Finance,Assistant,2020-02-20,C,user@domain.com,555-555-5555
 charlie ,40,55000,Other,Finance,Manager,2019-12-01,A,,555-555-5555
 alice ,35,50000,Female,Sales,Manager,2019-03-25,F,,123-456-7890
 eve ,,65000,Other,HR,Director,2020-02-20,C,,098-765-4321
 grace ,50,70000,Other,IT,Assistant,2020-01-15,C,email@example.com,
 frank ,35,60000,Other,Finance,Assistant,2020-02-20,F,,123-456-7890
 alice ,25,50000,Female,IT,Analyst,2019-03-25,D,,098-765-4321
 eve ,40,65000,Male,Marketing,Clerk,2020-01-15,F,, 
 eve ,35,60000,Male,HR,Director,2018-04-05,F,name@company.org,098-765-4321
 frank ,35,55000,Female,Marketing,Clerk,2020-01-15,D,,123-456-7890
 charlie ,25,55000,Male,Marketing,Clerk,2018-04-05,D,,555-555-5555
 eve ,30,60000,Male,Marketing,Director,2020-01-15,D,user@domain.com,
 grace ,,50000,Other,HR,Assistant,2019-03-25,D,email@example.com, 
 eve ,50,55000,Other,HR,Director,2019-03-25,D,name@company.org,098-765-4321
 eve ,30,70000,Female,Sales,Clerk,2020-01-15,F,,123-456-7890
 eve ,40,  ,Female,IT,Assistant,2020-02-20,B,user@domain.com,123-456-7890
 jack ,35,60000,Male,IT,Manager,2019-03-25,B,email@example.com,
 jack ,25,60000,Other,Sales,Director,2018-04-05,A,name@company.org,123-456-7890
 charlie ,25,55000,Female,Sales,Director,2018-04-05,B,name@company.org,123-456-7890
 alice ,,50000,Female,Marketing,Assistant,2019-12-01,B,,
 eve ,30,70000,Female,Sales,Manager,2018-04-05,F,name@company.org, 
 ivy ,,50000,Female,Finance,Manager,2019-12-01,D,user@domain.com,555-555-5555
 alice ,35,65000,Female,IT,Assistant,2020-01-15,D,name@company.org,555-555-5555
 charlie ,,65000,Female,Sales,Analyst,2020-01-15,F,,098-765-4321
 david ,50,  ,Male,Finance,Director,2020-01-15,B,user@domain.com, 
 alice ,25,55000,Other,Finance,Director,2020-02-20,F,email@example.com,098-765-4321
 alice ,25,55000,Other,Finance,Clerk,2020-02-20,A,email@example.com,555-555-5555
 hannah ,40,55000,Female,Finance,Assistant,2019-12-01,D,,
 bob ,40,  ,Other,Marketing,Clerk,2018-04-05,C,,123-456-7890
 hannah ,35,65000,Other,Finance,Clerk,2018-04-05,A,,555-555-5555
 grace ,50,50000,Other,Marketing,Manager,2020-01-15,A,email@example.com, 
 jack ,30,  ,Female,Marketing,Director,2019-03-25,F,email@example.com,555-555-5555
 jack ,,  ,Female,Finance,Clerk,2020-02-20,B,email@example.com, 
 bob ,35,50000,Other,IT,Manager,2020-02-20,D,email@example.com, 
 frank ,40,55000,Other,Finance,Assistant,2020-01-15,C,name@company.org, 
 frank ,,70000,Female,Finance,Clerk,2020-02-20,A,user@domain.com,098-765-4321
 charlie ,40,50000,Male,Finance,Director,2020-01-15,C,user@domain.com,
 bob ,,65000,Other,IT,Clerk,2019-12-01,B,,555-555-5555
 alice ,30,60000,Male,HR,Assistant,2018-04-05,B,name@company.org,
 frank ,35,60000,Other,HR,Clerk,2019-03-25,C,email@example.com,123-456-7890
 eve ,,  ,Male,Marketing,Director,2018-04-05,D,email@example.com,555-555-5555
 ivy ,50,60000,Male,Marketing,Manager,2018-04-05,B,,
 alice ,25,70000,Male,IT,Director,2019-12-01,C,,
 grace ,50,55000,Female,Sales,Manager,2020-02-20,A,,123-456-7890
 eve ,50,65000,Male,HR,Analyst,2019-03-25,C,email@example.com, 
 eve ,25,70000,Male,Marketing,Director,2020-02-20,C,,555-555-5555
 bob ,50,65000,Male,HR,Director,2018-04-05,F,name@company.org,555-555-5555
 charlie ,,65000,Other,IT,Assistant,2020-01-15,B,user@domain.com,123-456-7890
 grace ,,55000,Male,IT,Clerk,2018-04-05,D,email@example.com, 
 frank ,,  ,Other,Sales,Manager,2020-02-20,D,name@company.org,555-555-5555
 bob ,25,60000,Male,Sales,Manager,2018-04-05,F,email@example.com,555-555-5555
 frank ,50,55000,Male,IT,Assistant,2020-01-15,D,,555-555-5555
 bob ,25,70000,Female,Marketing,Assistant,2019-12-01,C,, 
 bob ,,  ,Other,HR,Clerk,2020-02-20,F,,123-456-7890
 bob ,50,70000,Male,Finance,Clerk,2018-04-05,A,user@domain.com,555-555-5555
 charlie ,50,  ,Other,Sales,Director,2020-02-20,B,,
 bob ,40,70000,Other,Finance,Analyst,2019-12-01,B,email@example.com, 
 david ,40,55000,Female,Marketing,Clerk,2018-04-05,B,,098-765-4321
 ivy ,30,  ,Female,Sales,Assistant,2018-04-05,C,email@example.com,123-456-7890
 frank ,35,  ,Female,Finance,Clerk,2020-02-20,A,user@domain.com,
 alice ,40,65000,Female,Marketing,Manager,2020-02-20,F,,555-555-5555
 hannah ,25,65000,Female,HR,Analyst,2020-01-15,F,,098-765-4321
 grace ,40,50000,Female,Marketing,Director,2019-12-01,B,,123-456-7890
 jack ,30,70000,Female,Sales,Manager,2020-01-15,A,, 
 charlie ,50,65000,Female,IT,Manager,2018-04-05,A,,098-765-4321
 alice ,30,50000,Male,HR,Analyst,2020-02-20,A,,098-765-4321
 eve ,50,65000,Other,Finance,Director,2018-04-05,D,,
 david ,50,70000,Female,Sales,Assistant,2018-04-05,D,email@example.com,123-456-7890
 jack ,35,  ,Female,IT,Director,2019-03-25,B,user@domain.com,
 hannah ,40,60000,Other,Marketing,Clerk,2019-03-25,A,,
 alice ,25,70000,Male,IT,Manager,2018-04-05,A,email@example.com,555-555-5555
 jack ,25,55000,Other,Sales,Clerk,2020-02-20,F,, 
 alice ,,65000,Other,Sales,Assistant,2018-04-05,F,email@example.com,098-765-4321
 david ,50,65000,Female,IT,Clerk,2019-03-25,B,,123-456-7890
 hannah ,25,  ,Other,Marketing,Director,2020-02-20,A,, 
 eve ,35,55000,Other,IT,Clerk,2018-04-05,B,, 
 bob ,50,  ,Female,Sales,Assistant,2019-12-01,F,,123-456-7890
 frank ,35,55000,Female,Sales,Assistant,2019-12-01,F,name@company.org, 
 eve ,25,60000,Female,Finance,Assistant,2018-04-05,D,email@example.com,555-555-5555
 bob ,25,65000,Female,Finance,Director,2020-02-20,B,name@company.org, 
 charlie ,,65000,Other,HR,Assistant,2018-04-05,B,email@example.com,555-555-5555
 ivy ,25,60000,Other,Sales,Manager,2018-04-05,A,user@domain.com,098-765-4321
 grace ,50,50000,Male,Finance,Assistant,2019-03-25,A,,098-765-4321
 grace ,50,  ,Male,IT,Clerk,2019-12-01,D,user@domain.com,
 frank ,50,60000,Other,Marketing,Clerk,2019-03-25,C,user@domain.com,555-555-5555
 hannah ,,  ,Male,IT,Clerk,2019-03-25,C,email@example.com,098-765-4321
 david ,,70000,Other,Marketing,Director,2018-04-05,C,name@company.org, 
 hannah ,25,65000,Male,Finance,Clerk,2019-03-25,B,,123-456-7890
 david ,30,  ,Female,HR,Director,2019-12-01,B,email@example.com,123-456-7890
 hannah ,30,55000,Male,IT,Director,2019-03-25,F,,555-555-5555
 ivy ,,  ,Female,IT,Assistant,2019-12-01,B,user@domain.com,
 charlie ,25,70000,Female,IT,Manager,2019-03-25,B,, 
 charlie ,30,65000,Female,Marketing,Assistant,2019-12-01,B,name@company.org,555-555-5555
 bob ,25,60000,Female,Finance,Assistant,2019-03-25,D,email@example.com,123-456-7890
 jack ,25,70000,Male,IT,Director,2019-03-25,B,name@company.org,555-555-5555
 charlie ,25,65000,Other,IT,Director,2020-02-20,A,name@company.org, 
 charlie ,40,  ,Female,HR,Clerk,2019-12-01,A,email@example.com,098-765-4321
 eve ,50,50000,Male,HR,Clerk,2019-12-01,F,name@company.org, 
 eve ,25,50000,Female,Finance,Assistant,2019-12-01,D,,098-765-4321
 bob ,40,55000,Male,Finance,Analyst,2020-01-15,A,,098-765-4321
 jack ,,65000,Male,Sales,Analyst,2019-03-25,D,,098-765-4321
 frank ,30,50000,Male,HR,Clerk,2019-12-01,D,,555-555-5555
 eve ,50,60000,Other,Sales,Analyst,2020-01-15,F,name@company.org,123-456-7890
 frank ,30,65000,Male,Marketing,Clerk,2020-02-20,D,email@example.com,555-555-5555
 alice ,50,60000,Male,Sales,Director,2019-12-01,B,email@example.com,123-456-7890
 eve ,30,60000,Other,IT,Assistant,2019-12-01,D,, 
 ivy ,50,50000,Other,Sales,Manager,2020-01-15,F,email@example.com,
 jack ,30,65000,Male,Finance,Assistant,2019-03-25,F,, 
 bob ,30,  ,Other,Marketing,Clerk,2020-02-20,F,name@company.org,555-555-5555
 alice ,30,70000,Female,IT,Clerk,2019-12-01,A,email@example.com,555-555-5555
 jack ,30,50000,Female,Sales,Assistant,2019-03-25,B,email@example.com,123-456-7890
 ivy ,,50000,Other,Marketing,Clerk,2020-02-20,A,user@domain.com,555-555-5555
 jack ,25,  ,Other,Marketing,Analyst,2018-04-05,C,user@domain.com,098-765-4321
 ivy ,35,65000,Male,IT,Analyst,2018-04-05,B,user@domain.com,555-555-5555
 ivy ,40,65000,Other,Sales,Clerk,2020-02-20,D,name@company.org,123-456-7890
 frank ,35,60000,Male,Marketing,Clerk,2020-01-15,F,,123-456-7890
 hannah ,35,  ,Female,Marketing,Analyst,2020-02-20,C,,098-765-4321
 alice ,50,  ,Other,HR,Clerk,2020-02-20,B,,123-456-7890
 jack ,25,65000,Male,Marketing,Clerk,2020-01-15,A,name@company.org,
 david ,50,60000,Male,HR,Assistant,2020-01-15,F,name@company.org, 
 alice ,25,50000,Female,Sales,Manager,2019-03-25,A,user@domain.com,555-555-5555
 hannah ,25,55000,Other,Sales,Analyst,2019-03-25,B,email@example.com,
 alice ,30,70000,Female,Sales,Assistant,2020-01-15,B,,555-555-5555
 charlie ,,50000,Male,Finance,Manager,2018-04-05,C,,
 david ,30,65000,Male,Sales,Clerk,2018-04-05,D,email@example.com,555-555-5555
 hannah ,,70000,Other,Marketing,Clerk,2020-02-20,A,user@domain.com,098-765-4321
 frank ,50,55000,Male,IT,Assistant,2019-12-01,C,email@example.com,123-456-7890
 jack ,,55000,Other,HR,Clerk,2020-02-20,F,email@example.com,123-456-7890
 grace ,50,60000,Female,Finance,Director,2020-02-20,D,,098-765-4321
 hannah ,35,70000,Other,Sales,Assistant,2019-12-01,C,user@domain.com,
 bob ,35,60000,Other,Sales,Manager,2020-01-15,A,name@company.org, 
 jack ,,50000,Male,IT,Assistant,2018-04-05,B,,
 hannah ,,  ,Male,IT,Analyst,2020-02-20,F,name@company.org,123-456-7890
 charlie ,50,  ,Other,Finance,Assistant,2019-12-01,A,user@domain.com, 
 grace ,30,  ,Male,HR,Clerk,2019-03-25,D,email@example.com,555-555-5555
 charlie ,50,70000,Male,Sales,Clerk,2020-02-20,D,, 
 grace ,30,  ,Male,Finance,Director,2018-04-05,B,,
 bob ,35,50000,Other,Marketing,Director,2020-01-15,B,user@domain.com,098-765-4321
 jack ,25,60000,Male,Marketing,Director,2020-02-20,F,,555-555-5555
 frank ,,70000,Other,Finance,Manager,2020-02-20,F,name@company.org,
 charlie ,30,60000,Male,Sales,Director,2019-12-01,B,,555-555-5555
 charlie ,50,70000,Female,Finance,Manager,2019-03-25,B,user@domain.com, 
 ivy ,35,60000,Male,Sales,Director,2019-03-25,D,user@domain.com,123-456-7890
 grace ,30,55000,Male,IT,Manager,2020-01-15,B,name@company.org,
 eve ,50,60000,Other,Finance,Assistant,2018-04-05,C,,098-765-4321
 jack ,,  ,Other,Sales,Assistant,2020-01-15,A,, 
 grace ,,55000,Male,Finance,Clerk,2020-02-20,B,email@example.com,
 ivy ,40,60000,Female,Finance,Manager,2020-02-20,F,,098-765-4321
 alice ,25,70000,Male,Sales,Analyst,2019-03-25,C,user@domain.com,
 grace ,40,70000,Male,Sales,Clerk,2018-04-05,F,email@example.com, 
 frank ,35,70000,Female,HR,Assistant,2019-12-01,C,user@domain.com,
 jack ,30,65000,Other,Finance,Manager,2018-04-05,B,email@example.com,555-555-5555
 ivy ,35,50000,Male,Marketing,Director,2020-02-20,A,, 
 alice ,50,70000,Other,Finance,Analyst,2019-12-01,F,email@example.com,
 david ,,55000,Other,Finance,Assistant,2018-04-05,C,user@domain.com,123-456-7890
 ivy ,40,70000,Female,Sales,Clerk,2018-04-05,D,,
 david ,40,65000,Female,Finance,Manager,2019-12-01,B,user@domain.com,555-555-5555
 jack ,40,  ,Other,Finance,Analyst,2020-02-20,A,name@company.org,098-765-4321
 charlie ,35,55000,Male,Marketing,Manager,2018-04-05,B,name@company.org,098-765-4321
 ivy ,,65000,Other,Sales,Director,2019-12-01,D,name@company.org,098-765-4321
 bob ,30,  ,Male,Finance,Clerk,2020-02-20,A,name@company.org,123-456-7890
 david ,50,55000,Male,IT,Manager,2019-12-01,D,,555-555-5555
 frank ,30,60000,Female,HR,Assistant,2019-12-01,B,, 
 bob ,35,50000,Male,Marketing,Clerk,2018-04-05,C,,098-765-4321
 hannah ,50,50000,Male,Finance,Assistant,2020-02-20,B,user@domain.com,555-555-5555
 hannah ,40,65000,Other,IT,Manager,2018-04-05,B,email@example.com,
 alice ,25,  ,Female,Finance,Clerk,2020-01-15,B,user@domain.com,123-456-7890
 charlie ,35,50000,Male,Finance,Assistant,2020-01-15,F,user@domain.com,555-555-5555
 jack ,35,  ,Male,Sales,Director,2020-02-20,D,user@domain.com,555-555-5555
 ivy ,,  ,Female,Sales,Director,2019-12-01,D,user@domain.com, 
 eve ,30,65000,Other,Sales,Manager,2018-04-05,D,,555-555-5555
 frank ,35,65000,Female,IT,Clerk,2018-04-05,F,email@example.com, 
 david ,35,65000,Female,Finance,Analyst,2020-02-20,C,user@domain.com,123-456-7890
 jack ,40,50000,Male,HR,Clerk,2020-02-20,B,,123-456-7890
 bob ,40,65000,Male,Marketing,Director,2020-01-15,C,user@domain.com,
 hannah ,50,50000,Other,Sales,Assistant,2019-03-25,F,name@company.org, 
 frank ,25,65000,Male,Sales,Analyst,2020-02-20,D,user@domain.com, 
 eve ,,70000,Male,Finance,Manager,2019-03-25,B,user@domain.com,098-765-4321
 ivy ,25,  ,Female,Finance,Analyst,2020-02-20,A,,098-765-4321
 alice ,50,65000,Male,IT,Manager,2019-12-01,A,name@company.org,
 eve ,40,55000,Other,IT,Analyst,2019-12-01,C,email@example.com,123-456-7890
 frank ,30,  ,Female,Sales,Manager,2020-01-15,D,user@domain.com,098-765-4321
 eve ,40,  ,Other,Finance,Manager,2020-01-15,A,email@example.com,555-555-5555
 frank ,,65000,Female,HR,Analyst,2019-03-25,C,name@company.org,123-456-7890
 frank ,40,60000,Male,Marketing,Analyst,2020-02-20,F,user@domain.com,555-555-5555
 grace ,,65000,Female,Finance,Manager,2018-04-05,C,, 
 david ,,  ,Female,Finance,Director,2020-01-15,C,,123-456-7890
 hannah ,,55000,Male,IT,Analyst,2018-04-05,C,,
 grace ,50,  ,Male,Marketing,Clerk,2018-04-05,B,, 
 ivy ,,55000,Other,Sales,Assistant,2020-02-20,C,, 
 grace ,,50000,Other,Finance,Manager,2019-03-25,C,,555-555-5555
 charlie ,30,70000,Male,Sales,Manager,2020-02-20,B,, 
 charlie ,25,  ,Male,Finance,Assistant,2020-01-15,B,user@domain.com,098-765-4321
 hannah ,35,65000,Male,Sales,Director,2018-04-05,F,email@example.com,123-456-7890
 eve ,25,50000,Female,Marketing,Assistant,2020-02-20,D,email@example.com,098-765-4321
 david ,,70000,Female,IT,Analyst,2020-02-20,A,,555-555-5555
 hannah ,30,65000,Female,Marketing,Assistant,2020-02-20,A,,555-555-5555
 frank ,40,60000,Male,HR,Manager,2020-01-15,C,name@company.org,123-456-7890
 bob ,30,65000,Other,IT,Assistant,2019-03-25,F,, 
 david ,,55000,Male,Marketing,Clerk,2020-02-20,C,,
 david ,30,55000,Female,HR,Analyst,2020-01-15,A,,555-555-5555
 frank ,30,60000,Female,Finance,Assistant,2018-04-05,B,user@domain.com,123-456-7890
 frank ,,50000,Male,Finance,Manager,2019-12-01,D,user@domain.com,
 alice ,50,70000,Male,Sales,Analyst,2020-01-15,F,email@example.com, 
 hannah ,30,65000,Female,IT,Manager,2019-12-01,B,email@example.com,555-555-5555
 frank ,35,55000,Female,Finance,Director,2020-02-20,D,name@company.org,123-456-7890
 charlie ,35,50000,Female,IT,Clerk,2020-02-20,F,name@company.org,123-456-7890
 ivy ,30,60000,Male,Finance,Director,2020-01-15,F,name@company.org,123-456-7890
 bob ,50,  ,Female,Sales,Clerk,2019-12-01,A,name@company.org,555-555-5555
 hannah ,40,55000,Female,Marketing,Assistant,2020-02-20,B,,
 jack ,,60000,Other,Sales,Analyst,2018-04-05,F,,123-456-7890
 charlie ,35,65000,Male,HR,Assistant,2019-03-25,F,email@example.com, 
 eve ,40,70000,Other,Finance,Clerk,2019-03-25,D,user@domain.com,123-456-7890
 frank ,30,55000,Other,HR,Clerk,2020-02-20,A,user@domain.com,
 jack ,40,55000,Female,HR,Clerk,2019-12-01,C,,555-555-5555
 frank ,25,65000,Male,IT,Manager,2020-02-20,A,,123-456-7890
 david ,35,  ,Female,Finance,Analyst,2019-12-01,C,name@company.org,123-456-7890
 charlie ,30,50000,Male,HR,Assistant,2018-04-05,B,name@company.org, 
 david ,,70000,Other,Marketing,Assistant,2019-12-01,B,, 
 alice ,50,55000,Male,HR,Director,2020-02-20,F,user@domain.com,123-456-7890
 david ,30,70000,Female,Marketing,Clerk,2018-04-05,B,name@company.org,123-456-7890
 alice ,,55000,Female,IT,Clerk,2020-01-15,F,user@domain.com, 
 alice ,50,70000,Female,HR,Clerk,2019-03-25,A,,
 jack ,50,60000,Male,Sales,Assistant,2020-02-20,B,user@domain.com,098-765-4321
 frank ,30,55000,Other,IT,Director,2020-02-20,A,user@domain.com,098-765-4321
 eve ,40,70000,Other,Marketing,Manager,2020-02-20,A,user@domain.com,123-456-7890
 david ,40,50000,Male,IT,Analyst,2018-04-05,B,name@company.org, 
 charlie ,50,60000,Female,HR,Manager,2020-01-15,A,email@example.com,555-555-5555
 alice ,40,60000,Other,Finance,Assistant,2019-12-01,B,,555-555-5555
 frank ,25,50000,Female,Finance,Clerk,2020-01-15,B,user@domain.com,098-765-4321
 bob ,50,70000,Male,Marketing,Analyst,2018-04-05,B,user@domain.com,
 hannah ,50,65000,Female,Marketing,Assistant,2020-02-20,C,user@domain.com,098-765-4321
 jack ,,50000,Other,Finance,Assistant,2019-03-25,A,email@example.com,123-456-7890
 eve ,40,70000,Other,Marketing,Assistant,2020-02-20,D,,
 grace ,50,50000,Female,IT,Analyst,2019-12-01,B,name@company.org,555-555-5555
 jack ,25,50000,Male,Sales,Analyst,2019-03-25,A,email@example.com, 
 bob ,,55000,Female,Sales,Director,2020-02-20,F,user@domain.com, 
 hannah ,30,70000,Male,IT,Director,2019-03-25,B,email@example.com,123-456-7890
 bob ,50,65000,Female,Sales,Manager,2020-01-15,B,email@example.com,098-765-4321
 david ,25,55000,Other,HR,Analyst,2018-04-05,D,email@example.com,123-456-7890
 alice ,35,50000,Male,IT,Analyst,2020-02-20,C,, 
 eve ,25,  ,Male,Marketing,Analyst,2019-12-01,C,,555-555-5555
 ivy ,25,50000,Male,IT,Director,2020-01-15,B,name@company.org, 
 alice ,,50000,Other,Finance,Assistant,2020-02-20,A,,
 ivy ,30,70000,Female,Marketing,Clerk,2020-01-15,F,, 
 hannah ,35,70000,Other,Finance,Director,2019-12-01,F,, 
 frank ,40,55000,Male,Marketing,Analyst,2020-02-20,A,,
 grace ,40,65000,Female,Sales,Director,2019-12-01,B,email@example.com,098-765-4321
 charlie ,25,55000,Other,IT,Manager,2019-03-25,F,email@example.com, 
 alice ,,60000,Male,HR,Analyst,2019-12-01,C,user@domain.com,123-456-7890
 eve ,,50000,Male,Marketing,Manager,2019-03-25,A,, 
 bob ,40,  ,Other,Marketing,Analyst,2020-02-20,D,user@domain.com,123-456-7890
 eve ,35,50000,Other,Finance,Director,2019-03-25,B,name@company.org,
 hannah ,30,50000,Other,Sales,Assistant,2020-02-20,A,email@example.com, 
 ivy ,35,55000,Male,Finance,Clerk,2020-02-20,F,name@company.org,
 bob ,50,  ,Other,Finance,Manager,2018-04-05,B,,
 charlie ,50,  ,Male,Sales,Director,2020-02-20,C,email@example.com,098-765-4321
 charlie ,30,  ,Other,HR,Assistant,2019-03-25,B,name@company.org, 
 alice ,40,55000,Male,Finance,Director,2018-04-05,B,,123-456-7890
 hannah ,30,50000,Male,Finance,Manager,2018-04-05,C,name@company.org,123-456-7890
 frank ,,55000,Female,Marketing,Clerk,2020-02-20,C,, 
 hannah ,50,70000,Other,Sales,Director,2019-12-01,B,,098-765-4321
 ivy ,25,70000,Other,IT,Analyst,2019-12-01,C,email@example.com,098-765-4321
 eve ,25,55000,Male,HR,Assistant,2018-04-05,A,user@domain.com,098-765-4321
 charlie ,40,  ,Male,HR,Director,2020-02-20,C,,123-456-7890
 eve ,,50000,Male,Sales,Assistant,2019-12-01,C,,
 eve ,35,55000,Female,Marketing,Analyst,2020-02-20,B,email@example.com,098-765-4321
 eve ,,55000,Female,Marketing,Clerk,2020-02-20,A,user@domain.com,123-456-7890
 charlie ,25,55000,Male,Sales,Clerk,2018-04-05,D,,123-456-7890
 jack ,25,60000,Other,Marketing,Analyst,2018-04-05,D,,
 david ,50,70000,Other,HR,Assistant,2020-01-15,F,user@domain.com, 
 ivy ,,  ,Female,HR,Director,2019-12-01,C,name@company.org, 
 jack ,,65000,Female,IT,Analyst,2019-12-01,C,email@example.com,098-765-4321
 ivy ,25,  ,Male,Sales,Manager,2019-12-01,A,user@domain.com,098-765-4321
 bob ,35,65000,Other,Finance,Assistant,2019-03-25,D,,
 hannah ,40,60000,Male,Finance,Clerk,2020-02-20,F,,098-765-4321
 hannah ,40,55000,Female,IT,Analyst,2018-04-05,A,,
 grace ,,60000,Other,IT,Clerk,2019-12-01,C,,123-456-7890
 hannah ,40,60000,Other,Marketing,Assistant,2020-01-15,D,email@example.com,098-765-4321
 charlie ,25,50000,Female,IT,Clerk,2019-12-01,F,,123-456-7890
 frank ,25,70000,Male,IT,Analyst,2020-02-20,B,user@domain.com,555-555-5555
 alice ,,65000,Male,Finance,Assistant,2020-02-20,D,,
 grace ,,55000,Other,Marketing,Manager,2018-04-05,F,name@company.org,555-555-5555
 alice ,50,65000,Female,IT,Analyst,2019-03-25,A,user@domain.com,098-765-4321
 ivy ,,  ,Other,IT,Director,2018-04-05,B,email@example.com,123-456-7890
 alice ,35,65000,Female,Marketing,Analyst,2019-12-01,F,user@domain.com,098-765-4321
 alice ,40,  ,Male,Sales,Assistant,2020-01-15,F,name@company.org,555-555-5555
 grace ,,70000,Female,Marketing,Analyst,2018-04-05,C,email@example.com,098-765-4321
 bob ,30,  ,Male,Finance,Manager,2019-03-25,D,, 
 eve ,50,65000,Female,Sales,Manager,2018-04-05,C,name@company.org,555-555-5555
 hannah ,30,65000,Other,HR,Director,2020-02-20,B,email@example.com,098-765-4321
 hannah ,25,  ,Male,Marketing,Clerk,2019-12-01,F,,123-456-7890
 charlie ,40,60000,Other,Finance,Assistant,2019-12-01,C,user@domain.com,098-765-4321
 grace ,,70000,Other,Sales,Assistant,2019-12-01,D,email@example.com,123-456-7890
 charlie ,30,50000,Male,Marketing,Clerk,2019-12-01,B,user@domain.com, 
 frank ,40,55000,Male,IT,Manager,2019-12-01,A,,098-765-4321
 frank ,25,65000,Other,Marketing,Manager,2019-12-01,C,email@example.com, 
 charlie ,35,55000,Other,HR,Analyst,2020-01-15,B,,555-555-5555
 grace ,50,50000,Other,Marketing,Director,2019-03-25,A,name@company.org,123-456-7890
 charlie ,40,55000,Other,Sales,Director,2019-12-01,C,email@example.com,555-555-5555
 hannah ,40,50000,Male,Sales,Director,2019-03-25,B,,123-456-7890
 jack ,35,  ,Male,Marketing,Analyst,2019-12-01,B,email@example.com, 
 david ,40,60000,Other,Sales,Director,2018-04-05,C,user@domain.com,
 alice ,25,65000,Female,IT,Clerk,2019-12-01,B,email@example.com,098-765-4321
 david ,25,50000,Female,Marketing,Analyst,2020-02-20,F,, 
 grace ,35,55000,Male,IT,Clerk,2020-01-15,C,email@example.com,123-456-7890
 david ,50,65000,Other,IT,Analyst,2018-04-05,B,name@company.org,123-456-7890
 frank ,,60000,Other,Finance,Director,2018-04-05,A,email@example.com,123-456-7890
 ivy ,30,  ,Male,Marketing,Clerk,2020-02-20,A,user@domain.com,123-456-7890
 alice ,,65000,Female,Sales,Clerk,2019-12-01,F,email@example.com,098-765-4321
 eve ,40,50000,Female,IT,Clerk,2020-01-15,C,,555-555-5555
 grace ,30,60000,Female,Finance,Analyst,2018-04-05,B,,
 alice ,35,55000,Male,Marketing,Assistant,2020-01-15,B,email@example.com,098-765-4321
 david ,35,60000,Female,Marketing,Director,2018-04-05,A,email@example.com,123-456-7890
 frank ,50,60000,Male,HR,Clerk,2019-12-01,F,name@company.org,098-765-4321
 bob ,30,70000,Male,HR,Assistant,2018-04-05,A,, 
 jack ,25,60000,Other,IT,Director,2018-04-05,A,,123-456-7890
 eve ,30,60000,Female,HR,Director,2019-03-25,F,user@domain.com,
 jack ,40,65000,Male,IT,Clerk,2019-12-01,C,email@example.com,123-456-7890
 alice ,25,55000,Female,Sales,Clerk,2020-02-20,B,,
 frank ,35,65000,Female,IT,Analyst,2020-02-20,C,user@domain.com,
 frank ,30,65000,Other,HR,Assistant,2019-12-01,D,,555-555-5555
 david ,,50000,Female,Sales,Assistant,2020-02-20,D,,555-555-5555
 hannah ,50,65000,Other,HR,Clerk,2019-12-01,D,,098-765-4321
 david ,,70000,Male,IT,Director,2020-02-20,F,user@domain.com,098-765-4321
 hannah ,50,70000,Female,Finance,Clerk,2019-03-25,A,,
 hannah ,40,50000,Male,Marketing,Director,2020-02-20,C,,123-456-7890
 eve ,,  ,Female,HR,Director,2018-04-05,B,, 
 david ,30,55000,Male,IT,Clerk,2019-12-01,D,, 
 bob ,30,55000,Female,Sales,Manager,2020-01-15,C,,123-456-7890
 charlie ,,65000,Female,HR,Assistant,2020-01-15,D,name@company.org,123-456-7890
 charlie ,30,65000,Female,HR,Director,2019-12-01,D,user@domain.com,555-555-5555
 david ,40,  ,Female,Marketing,Director,2019-03-25,B,, 
 david ,25,65000,Female,IT,Manager,2020-02-20,F,,
 jack ,40,55000,Female,Finance,Analyst,2019-03-25,A,user@domain.com,098-765-4321
 eve ,50,60000,Female,Sales,Manager,2020-01-15,F,user@domain.com,555-555-5555
 david ,40,70000,Female,IT,Manager,2019-12-01,C,user@domain.com, 
 jack ,50,60000,Female,Sales,Director,2019-12-01,F,user@domain.com,123-456-7890
 hannah ,30,60000,Male,HR,Assistant,2019-03-25,C,email@example.com, 
 frank ,25,55000,Other,Marketing,Manager,2019-03-25,C,,
 frank ,30,60000,Female,Marketing,Analyst,2020-02-20,A,email@example.com,555-555-5555
 hannah ,35,  ,Other,Finance,Clerk,2018-04-05,B,,123-456-7890
 grace ,30,50000,Female,Marketing,Manager,2018-04-05,A,,
 jack ,50,65000,Female,HR,Manager,2020-02-20,F,,098-765-4321
 jack ,30,50000,Male,Finance,Analyst,2018-04-05,C,,555-555-5555
 hannah ,30,70000,Male,IT,Assistant,2020-01-15,D,user@domain.com,
 bob ,25,65000,Other,Marketing,Manager,2018-04-05,D,email@example.com,
 ivy ,30,60000,Male,Finance,Manager,2020-02-20,C,user@domain.com,123-456-7890
